bench,mode,status,reductions,cata,ana,para,hylo,lines,result
BTreeMorph,plain,RAN,20153,0,0,0,0,737,1086800167
BTreeMorph,morph,RAN,20741,2,0,0,0,738,1086800167
BTreeMorph,mmorph,RAN,20153,0,0,0,0,736,1086800167
BTreeMorphM,plain,RAN,17153,0,0,0,0,692,1086800167
BTreeMorphM,morph,RAN,17153,1,0,0,0,693,1086800167
BTreeMorphM,mmorph,RAN,17153,0,0,0,0,691,1086800167
BTreeMorphX,plain,RAN,20235,0,0,0,0,787,1086800167
BTreeMorphX,morph,RAN,20235,1,0,0,0,788,1086800167
BTreeMorphX,mmorph,RAN,20235,0,0,0,0,786,1086800167
BTreeMorphXFix,plain,RAN,24216,0,0,0,0,870,1086800167
BTreeMorphXFix,morph,RAN,24561,1,0,2,0,881,1086800167
BTreeMorphXFix,mmorph,RAN,24216,0,0,0,0,869,1086800167
BTreePure,plain,RAN,17353,0,0,0,0,691,1086800167
BTreePure,morph,RAN,17353,1,0,0,0,692,1086800167
BTreePure,mmorph,RAN,17353,0,0,0,0,690,1086800167
ChurchMorph,plain,RAN,107423,0,0,0,0,406,-649613890
ChurchMorph,morph,RAN,124134,2,0,0,0,406,-649613890
ChurchMorph,mmorph,RAN,107423,0,0,0,0,406,-649613890
ChurchMorphM,plain,RAN,50550,0,0,0,0,366,-649613890
ChurchMorphM,morph,RAN,50550,0,0,0,0,366,-649613890
ChurchMorphM,mmorph,RAN,50550,0,0,0,0,366,-649613890
ChurchMorphX,plain,RAN,107700,0,0,0,0,440,-649613890
ChurchMorphX,morph,RAN,107700,0,0,0,0,440,-649613890
ChurchMorphX,mmorph,RAN,107700,0,0,0,0,440,-649613890
ChurchMorphXBB,plain,RAN,76475,0,0,0,0,379,-649613890
ChurchMorphXBB,morph,RAN,76475,0,0,0,0,379,-649613890
ChurchMorphXBB,mmorph,RAN,76475,0,0,0,0,379,-649613890
ChurchMorphXFix,plain,RAN,161022,0,0,0,0,454,-649613890
ChurchMorphXFix,morph,RAN,210722,0,0,2,0,459,-649613890
ChurchMorphXFix,mmorph,RAN,161022,0,0,0,0,454,-649613890
ChurchPure,plain,RAN,50534,0,0,0,0,358,-649613890
ChurchPure,morph,RAN,67224,2,0,0,0,364,-649613890
ChurchPure,mmorph,RAN,50534,0,0,0,0,358,-649613890
HeapSortMorph,plain,RAN,36293,0,0,0,0,496,-26356897
HeapSortMorph,morph,RAN,37069,2,1,0,0,497,-26356897
HeapSortMorph,mmorph,RAN,36293,0,0,0,0,495,-26356897
HeapSortMorphM,plain,RAN,33952,0,0,0,0,455,-26356897
HeapSortMorphM,morph,RAN,34208,1,0,0,0,456,-26356897
HeapSortMorphM,mmorph,RAN,33952,0,0,0,0,454,-26356897
HeapSortMorphX,plain,RAN,35772,0,0,0,0,494,-26356897
HeapSortMorphX,morph,RAN,36028,1,0,0,0,495,-26356897
HeapSortMorphX,mmorph,RAN,35772,0,0,0,0,493,-26356897
HeapSortMorphXFix,plain,RAN,40984,0,0,0,0,549,-26356897
HeapSortMorphXFix,morph,RAN,42016,1,0,2,0,560,-26356897
HeapSortMorphXFix,mmorph,RAN,40984,0,0,0,0,548,-26356897
HeapSortPure,plain,RAN,33949,0,0,0,0,445,-26356897
HeapSortPure,morph,RAN,34465,2,0,0,0,448,-26356897
HeapSortPure,mmorph,RAN,33949,0,0,0,0,444,-26356897
InsertSortMorph,plain,RAN,59253,0,0,0,0,456,-26356897
InsertSortMorph,morph,RAN,63706,3,0,0,0,457,-26356897
InsertSortMorph,mmorph,RAN,59253,0,0,0,0,455,-26356897
InsertSortMorphM,plain,RAN,42269,0,0,0,0,419,-26356897
InsertSortMorphM,morph,RAN,42525,1,0,0,0,420,-26356897
InsertSortMorphM,mmorph,RAN,42269,0,0,0,0,418,-26356897
InsertSortMorphX,plain,RAN,75182,0,0,0,0,463,-26356897
InsertSortMorphX,morph,RAN,75438,1,0,0,0,464,-26356897
InsertSortMorphX,mmorph,RAN,75182,0,0,0,0,462,-26356897
InsertSortMorphXFix,plain,RAN,96899,0,0,0,0,544,-26356897
InsertSortMorphXFix,morph,RAN,109036,1,0,3,0,555,-26356897
InsertSortMorphXFix,mmorph,RAN,96899,0,0,0,0,543,-26356897
InsertSortPure,plain,RAN,42269,0,0,0,0,417,-26356897
InsertSortPure,morph,RAN,42785,2,0,0,0,420,-26356897
InsertSortPure,mmorph,RAN,42269,0,0,0,0,416,-26356897
ListMorph,plain,RAN,16733,0,0,0,0,528,-188677176
ListMorph,morph,RAN,17465,1,0,0,0,528,-188677176
ListMorph,mmorph,RAN,16733,0,0,0,0,528,-188677176
ListMorphM,plain,RAN,12573,0,0,0,0,496,-188677176
ListMorphM,morph,RAN,12573,0,0,0,0,496,-188677176
ListMorphM,mmorph,RAN,12573,0,0,0,0,496,-188677176
ListMorphX,plain,RAN,18823,0,0,0,0,576,1772084490
ListMorphX,morph,RAN,18823,0,0,0,0,576,1772084490
ListMorphX,mmorph,RAN,18823,0,0,0,0,576,1772084490
ListMorphXFix,plain,RAN,23068,0,0,0,0,611,1772084490
ListMorphXFix,morph,RAN,27290,0,0,2,0,621,1772084490
ListMorphXFix,mmorph,RAN,23068,0,0,0,0,611,1772084490
ListPure,plain,RAN,14274,0,0,0,0,496,-188677176
ListPure,morph,RAN,14274,0,0,0,0,496,-188677176
ListPure,mmorph,RAN,14274,0,0,0,0,496,-188677176
MergeSortMorph,plain,RAN,49023,0,0,0,0,617,-26356897
MergeSortMorph,morph,RAN,49787,1,0,1,0,618,-26356897
MergeSortMorph,mmorph,RAN,49023,0,0,0,0,616,-26356897
MergeSortMorphM,plain,RAN,45699,0,0,0,0,566,-26356897
MergeSortMorphM,morph,RAN,45955,1,0,0,0,567,-26356897
MergeSortMorphM,mmorph,RAN,45699,0,0,0,0,565,-26356897
MergeSortMorphX,plain,RAN,48251,0,0,0,0,594,-26356897
MergeSortMorphX,morph,RAN,48507,1,0,0,0,595,-26356897
MergeSortMorphX,mmorph,RAN,48251,0,0,0,0,593,-26356897
MergeSortMorphXFix,plain,RAN,48244,0,0,0,0,617,-26356897
MergeSortMorphXFix,morph,RAN,48520,1,0,1,0,623,-26356897
MergeSortMorphXFix,mmorph,RAN,48244,0,0,0,0,616,-26356897
MergeSortPure,plain,RAN,44939,0,0,0,0,561,-26356897
MergeSortPure,morph,RAN,45195,1,0,0,0,562,-26356897
MergeSortPure,mmorph,RAN,44939,0,0,0,0,560,-26356897
PatriciaMorph,plain,RAN,19535,0,0,0,0,1070,889214830
PatriciaMorph,morph,RAN,19683,1,0,0,0,1070,889214830
PatriciaMorph,mmorph,RAN,19535,0,0,0,0,1070,889214830
PatriciaMorphM,plain,RAN,15730,0,0,0,0,1053,889214830
PatriciaMorphM,morph,RAN,15730,0,0,0,0,1053,889214830
PatriciaMorphM,mmorph,RAN,15730,0,0,0,0,1053,889214830
PatriciaMorphX,plain,RAN,19837,0,0,0,0,1092,889214830
PatriciaMorphX,morph,RAN,19837,0,0,0,0,1092,889214830
PatriciaMorphX,mmorph,RAN,19837,0,0,0,0,1092,889214830
PatriciaMorphXFix,plain,RAN,22841,0,0,0,0,1211,889214830
PatriciaMorphXFix,morph,RAN,24442,0,0,1,0,1216,889214830
PatriciaMorphXFix,mmorph,RAN,22841,0,0,0,0,1211,889214830
PatriciaPure,plain,RAN,15923,0,0,0,0,1068,889214830
PatriciaPure,morph,RAN,15923,0,0,0,0,1068,889214830
PatriciaPure,mmorph,RAN,15923,0,0,0,0,1068,889214830
QuadTree2Morph,plain,RAN,69695,0,0,0,0,1399,1255315216
QuadTree2Morph,morph,RAN,72683,1,0,0,0,1399,1255315216
QuadTree2Morph,mmorph,RAN,69695,0,0,0,0,1399,1255315216
QuadTree2Pure,plain,RAN,57287,0,0,0,0,1432,1255315216
QuadTree2Pure,morph,RAN,57287,0,0,0,0,1432,1255315216
QuadTree2Pure,mmorph,RAN,57287,0,0,0,0,1432,1255315216
QuadTreeMorph,plain,RAN,90204,0,0,0,0,1285,1255315216
QuadTreeMorph,morph,RAN,93192,1,0,0,0,1285,1255315216
QuadTreeMorph,mmorph,RAN,90204,0,0,0,0,1285,1255315216
QuadTreeMorphM,plain,RAN,77168,0,0,0,0,1267,1255315216
QuadTreeMorphM,morph,RAN,77168,0,0,0,0,1267,1255315216
QuadTreeMorphM,mmorph,RAN,77168,0,0,0,0,1267,1255315216
QuadTreeMorphX,plain,RAN,93302,0,0,0,0,1346,1255315216
QuadTreeMorphX,morph,RAN,93302,0,0,0,0,1346,1255315216
QuadTreeMorphX,mmorph,RAN,93302,0,0,0,0,1346,1255315216
QuadTreeMorphXFix,plain,RAN,108953,0,0,0,0,1502,1255315216
QuadTreeMorphXFix,morph,RAN,109190,0,0,2,0,1512,1255315216
QuadTreeMorphXFix,mmorph,RAN,108953,0,0,0,0,1502,1255315216
QuadTreePure,plain,RAN,79641,0,0,0,0,1173,1255315216
QuadTreePure,morph,RAN,79641,0,0,0,0,1173,1255315216
QuadTreePure,mmorph,RAN,79641,0,0,0,0,1173,1255315216
QueueMorph,plain,RAN,20087,0,0,0,0,641,-1316886862
QueueMorph,morph,RAN,20483,1,0,0,0,641,-1316886862
QueueMorph,mmorph,RAN,20087,0,0,0,0,641,-1316886862
QueueMorphM,plain,RAN,17799,0,0,0,0,594,-1316886862
QueueMorphM,morph,RAN,17799,0,0,0,0,594,-1316886862
QueueMorphM,mmorph,RAN,17799,0,0,0,0,594,-1316886862
QueueMorphX,plain,RAN,17229,0,0,0,0,695,-1316886862
QueueMorphX,morph,RAN,17229,0,0,0,0,695,-1316886862
QueueMorphX,mmorph,RAN,17229,0,0,0,0,695,-1316886862
QueueMorphXFix,plain,RAN,19518,0,0,0,0,725,-1316886862
QueueMorphXFix,morph,RAN,21760,0,0,2,0,735,-1316886862
QueueMorphXFix,mmorph,RAN,19518,0,0,0,0,725,-1316886862
QueuePure,plain,RAN,18736,0,0,0,0,597,-1316886862
QueuePure,morph,RAN,18736,0,0,0,0,597,-1316886862
QueuePure,mmorph,RAN,18736,0,0,0,0,597,-1316886862
QuickSortMorph,plain,RAN,39731,0,0,0,0,499,-26356897
QuickSortMorph,morph,RAN,39991,1,0,1,0,500,-26356897
QuickSortMorph,mmorph,RAN,39731,0,0,0,0,498,-26356897
QuickSortMorphM,plain,RAN,35587,0,0,0,0,456,-26356897
QuickSortMorphM,morph,RAN,35843,1,0,0,0,457,-26356897
QuickSortMorphM,mmorph,RAN,35587,0,0,0,0,455,-26356897
QuickSortMorphX,plain,RAN,38695,0,0,0,0,482,-26356897
QuickSortMorphX,morph,RAN,38951,1,0,0,0,483,-26356897
QuickSortMorphX,mmorph,RAN,38695,0,0,0,0,481,-26356897
QuickSortMorphXFix,plain,RAN,38688,0,0,0,0,505,-26356897
QuickSortMorphXFix,morph,RAN,38982,1,0,1,0,511,-26356897
QuickSortMorphXFix,mmorph,RAN,38688,0,0,0,0,504,-26356897
QuickSortPure,plain,RAN,35331,0,0,0,0,453,-26356897
QuickSortPure,morph,RAN,35587,1,0,0,0,454,-26356897
QuickSortPure,mmorph,RAN,35331,0,0,0,0,452,-26356897
RoseTreeMorph,plain,RAN,8005,0,0,0,0,576,2111870790
RoseTreeMorph,morph,RAN,8005,0,0,0,0,576,2111870790
RoseTreeMorph,mmorph,RAN,8005,0,0,0,0,576,2111870790
RoseTreeMorphM,plain,RAN,6637,0,0,0,0,552,2111870790
RoseTreeMorphM,morph,RAN,6637,0,0,0,0,552,2111870790
RoseTreeMorphM,mmorph,RAN,6637,0,0,0,0,552,2111870790
RoseTreeMorphX,plain,RAN,9393,0,0,0,0,648,2111870790
RoseTreeMorphX,morph,RAN,9393,0,0,0,0,648,2111870790
RoseTreeMorphX,mmorph,RAN,9393,0,0,0,0,648,2111870790
RoseTreeMorphXFix,plain,RAN,10592,0,0,0,0,712,2111870790
RoseTreeMorphXFix,morph,RAN,10667,0,0,2,0,722,2111870790
RoseTreeMorphXFix,mmorph,RAN,10592,0,0,0,0,712,2111870790
RoseTreePure,plain,RAN,6998,0,0,0,0,578,2111870790
RoseTreePure,morph,RAN,6998,0,0,0,0,578,2111870790
RoseTreePure,mmorph,RAN,6998,0,0,0,0,578,2111870790
TupleMorph,plain,RAN,961,0,0,0,0,522,-1638190443
TupleMorph,morph,RAN,961,0,0,0,0,522,-1638190443
TupleMorph,mmorph,RAN,961,0,0,0,0,522,-1638190443
TupleMorphM,plain,RAN,757,0,0,0,0,449,-1749017355
TupleMorphM,morph,RAN,757,0,0,0,0,449,-1749017355
TupleMorphM,mmorph,RAN,757,0,0,0,0,449,-1749017355
TupleMorphX,plain,RAN,761,0,0,0,0,551,-718394882
TupleMorphX,morph,RAN,761,0,0,0,0,551,-718394882
TupleMorphX,mmorph,RAN,761,0,0,0,0,551,-718394882
TupleMorphXFix,plain,RAN,836,0,0,0,0,598,-718394882
TupleMorphXFix,morph,RAN,855,0,0,3,0,608,-718394882
TupleMorphXFix,mmorph,RAN,836,0,0,0,0,598,-718394882
TuplePure,plain,RAN,761,0,0,0,0,472,-1638190443
TuplePure,morph,RAN,761,0,0,0,0,472,-1638190443
TuplePure,mmorph,RAN,761,0,0,0,0,472,-1638190443
ZipperMorph,plain,RAN,9747,0,0,0,0,772,-710464603
ZipperMorph,morph,RAN,9987,1,0,0,0,772,-710464603
ZipperMorph,mmorph,RAN,9747,0,0,0,0,772,-710464603
ZipperMorphM,plain,RAN,8469,0,0,0,0,726,-710464603
ZipperMorphM,morph,RAN,8469,0,0,0,0,726,-710464603
ZipperMorphM,mmorph,RAN,8469,0,0,0,0,726,-710464603
ZipperMorphX,plain,RAN,9827,0,0,0,0,821,-710464603
ZipperMorphX,morph,RAN,9827,0,0,0,0,821,-710464603
ZipperMorphX,mmorph,RAN,9827,0,0,0,0,821,-710464603
ZipperMorphXFix,plain,RAN,11464,0,0,0,0,898,-710464603
ZipperMorphXFix,morph,RAN,11713,0,0,2,0,908,-710464603
ZipperMorphXFix,mmorph,RAN,11464,0,0,0,0,898,-710464603
ZipperPure,plain,RAN,13201,0,0,0,0,764,739504078
ZipperPure,morph,RAN,13529,1,0,0,0,765,739504078
ZipperPure,mmorph,RAN,13201,0,0,0,0,763,739504078
